Sample	raw_total_sequences	filtered_sequences	sequences	is_sorted	1st_fragments	last_fragments	reads_mapped	reads_mapped_and_paired	reads_unmapped	reads_properly_paired	reads_paired	reads_duplicated	reads_MQ0	reads_QC_failed	non-primary_alignments	supplementary_alignments	total_length	total_first_fragment_length	total_last_fragment_length	bases_mapped	bases_mapped_(cigar)	bases_trimmed	bases_duplicated	mismatches	error_rate	average_length	average_first_fragment_length	average_last_fragment_length	maximum_length	maximum_first_fragment_length	maximum_last_fragment_length	average_quality	insert_size_average	insert_size_standard_deviation	inward_oriented_pairs	outward_oriented_pairs	pairs_with_other_orientation	pairs_on_different_chromosomes	percentage_of_properly_paired_reads_(%)	reads_mapped_percent	reads_mapped_and_paired_percent	reads_unmapped_percent	reads_properly_paired_percent	reads_paired_percent	reads_duplicated_percent	reads_MQ0_percent	reads_QC_failed_percent
D300693.lib1.stats.tsv	53804650.0	0.0	53804650.0	1.0	26902325.0	26902325.0	48776619.0	48097572.0	5028031.0	42837542.0	53804650.0	0.0	1111997.0	0.0	0.0	0.0	7976456218.0	3988348946.0	3988107272.0	7231034519.0	7231034519.0	0.0	0.0	38256033.0	0.005290534	148.0	148.0	148.0	150.0	150.0	150.0	39.4	273.4	100.8	21838261.0	841750.0	702.0	1368073.0	79.6	90.65502516975764	89.39296510617577	9.344974830242366	79.6168026369468	100.0	0.0	2.0667302918985624	0.0
D300694.lib1.stats.tsv	28546862.0	0.0	28546862.0	1.0	14273431.0	14273431.0	25647031.0	25266938.0	2899831.0	22700432.0	28546862.0	0.0	619112.0	0.0	0.0	0.0	4232759282.0	2116526730.0	2116232552.0	3802877745.0	3802877745.0	0.0	0.0	21657261.0	0.005694966	148.0	148.0	148.0	150.0	150.0	150.0	39.4	273.1	100.2	11506306.0	444637.0	532.0	681994.0	79.5	89.841857224097	88.51038688595615	10.158142775903006	79.51988558322101	100.0	0.0	2.1687567621267796	0.0
D300695.lib1.stats.tsv	30329074.0	0.0	30329074.0	1.0	15164537.0	15164537.0	27210257.0	26757208.0	3118817.0	24359136.0	30329074.0	0.0	707545.0	0.0	0.0	0.0	4495027575.0	2247565148.0	2247462427.0	4032844015.0	4032844015.0	0.0	0.0	22997774.0	0.005702619	148.0	148.0	148.0	150.0	150.0	150.0	39.4	271.4	96.7	12199217.0	478415.0	346.0	700626.0	80.3	89.71674176402485	88.22296387947749	10.283258235975158	80.31612175168948	100.0	0.0	2.332893513333114	0.0
D300696.lib1.stats.tsv	33972966.0	0.0	33972966.0	1.0	16986483.0	16986483.0	30728234.0	30260744.0	3244732.0	27305900.0	33972966.0	0.0	628972.0	0.0	0.0	0.0	5034559285.0	2517456133.0	2517103152.0	4553685180.0	4553685180.0	0.0	0.0	22878844.0	0.005024248	148.0	148.0	148.0	150.0	150.0	150.0	39.4	271.4	98.6	13785730.0	546242.0	481.0	797919.0	80.4	90.44907648039914	89.07301175882023	9.55092351960085	80.37537847004586	100.0	0.0	1.8513897196965377	0.0
D300697.lib1.stats.tsv	2801072.0	0.0	2801072.0	1.0	1400536.0	1400536.0	2180297.0	2139000.0	620775.0	2047548.0	2801072.0	0.0	24781.0	0.0	0.0	0.0	411689857.0	205847141.0	205842716.0	321803249.0	321803249.0	0.0	0.0	1029592.0	0.003199446	147.0	147.0	147.0	150.0	150.0	150.0	39.3	262.5	94.1	1007246.0	48748.0	103.0	13403.0	73.1	77.83794918516911	76.3636207851851	22.162050814830895	73.09872791559803	100.0	0.0	0.8846970017193417	0.0
D300698.lib1.stats.tsv	1670880.0	0.0	1670880.0	1.0	835440.0	835440.0	1330817.0	1313224.0	340063.0	1192946.0	1670880.0	0.0	4492.0	0.0	0.0	0.0	246547039.0	123283342.0	123263697.0	197360967.0	197360967.0	0.0	0.0	434388.0	0.002200982	148.0	148.0	148.0	150.0	150.0	150.0	39.1	292.5	116.3	624585.0	22648.0	206.0	9173.0	71.4	79.64767068849947	78.59475246576653	20.352329311500526	71.39627022886144	100.0	0.0	0.268840371540745	0.0
D300699.lib1.stats.tsv	4778380.0	0.0	4778380.0	1.0	2389190.0	2389190.0	3767711.0	3688780.0	1010669.0	3629534.0	4778380.0	0.0	18320.0	0.0	0.0	0.0	698796130.0	349377902.0	349418228.0	553716780.0	553716780.0	0.0	0.0	1125117.0	0.002031936	146.0	146.0	146.0	150.0	150.0	150.0	39.4	242.1	84.5	1727182.0	110338.0	294.0	6576.0	76.0	78.84912878423232	77.1972928063486	21.150871215767687	75.95741653028851	100.0	0.0	0.3833935350474429	0.0
D300700.lib1.stats.tsv	15263304.0	0.0	15263304.0	1.0	7631652.0	7631652.0	13479532.0	13234242.0	1783772.0	11645982.0	15263304.0	0.0	255338.0	0.0	0.0	0.0	2265038815.0	1132531189.0	1132507626.0	2000767258.0	2000767258.0	0.0	0.0	9663142.0	0.004829718	148.0	148.0	148.0	150.0	150.0	150.0	39.4	295.5	117.4	6198201.0	209569.0	644.0	208707.0	76.3	88.3133298006775	86.70627277029928	11.686670199322506	76.30053099905498	100.0	0.0	1.6728881243536786	0.0
D300701.lib1.stats.tsv	1531192.0	0.0	1531192.0	1.0	765596.0	765596.0	531409.0	505992.0	999783.0	485380.0	1531192.0	0.0	5660.0	0.0	0.0	0.0	222724947.0	111355457.0	111369490.0	77878778.0	77878778.0	0.0	0.0	235372.0	0.003022287	145.0	145.0	145.0	150.0	150.0	150.0	39.1	254.3	96.7	233935.0	15705.0	50.0	3306.0	31.7	34.70557578670735	33.04562719763426	65.29442421329264	31.69948641319965	100.0	0.0	0.36964665437123495	0.0
D300702.lib1.stats.tsv	7485424.0	0.0	7485424.0	1.0	3742712.0	3742712.0	6583367.0	6466380.0	902057.0	6026818.0	7485424.0	0.0	77771.0	0.0	0.0	0.0	1109722953.0	554862131.0	554860822.0	976978586.0	976978586.0	0.0	0.0	3090737.0	0.003163567	148.0	148.0	148.0	150.0	150.0	150.0	39.5	281.0	100.8	3061758.0	105486.0	361.0	65585.0	80.5	87.94915291371605	86.38628887288148	12.050847086283957	80.5140497051336	100.0	0.0	1.038965862187633	0.0
D300703.lib1.stats.tsv	19792672.0	0.0	19792672.0	1.0	9896336.0	9896336.0	18239899.0	17966250.0	1552773.0	17148462.0	19792672.0	0.0	161755.0	0.0	0.0	0.0	2927867464.0	1463937412.0	1463930052.0	2699492378.0	2699492378.0	0.0	0.0	7570700.0	0.00280449	148.0	148.0	148.0	150.0	150.0	150.0	39.5	265.3	94.4	8481386.0	370003.0	1024.0	130712.0	86.6	92.15480860795348	90.77223125811412	7.845191392046511	86.6404596610301	100.0	0.0	0.817246908350727	0.0
D300704.lib1.stats.tsv	2834738.0	0.0	2834738.0	1.0	1417369.0	1417369.0	2483525.0	2443374.0	351213.0	2285120.0	2834738.0	0.0	24884.0	0.0	0.0	0.0	419064267.0	209531611.0	209532656.0	367580483.0	367580483.0	0.0	0.0	1170361.0	0.003183959	148.0	148.0	148.0	150.0	150.0	150.0	39.3	274.6	102.7	1151797.0	48648.0	150.0	21092.0	80.6	87.61038939048336	86.19399746996018	12.389610609516646	80.61132986540555	100.0	0.0	0.8778236295558884	0.0
D300705.lib1.stats.tsv	34074456.0	0.0	34074456.0	1.0	17037228.0	17037228.0	31170063.0	30753944.0	2904393.0	28966606.0	34074456.0	0.0	477275.0	0.0	0.0	0.0	5041935574.0	2520995085.0	2520940489.0	4611987378.0	4611987378.0	0.0	0.0	18482487.0	0.004007489	148.0	148.0	148.0	150.0	150.0	150.0	39.4	267.2	96.4	14346174.0	634639.0	1306.0	394853.0	85.0	91.47633347396655	90.25512835773519	8.52366652603346	85.00973867345087	100.0	0.0	1.400682669739467	0.0
D300706.lib1.stats.tsv	31426738.0	0.0	31426738.0	1.0	15713369.0	15713369.0	29048610.0	28649590.0	2378128.0	25668966.0	31426738.0	0.0	349331.0	0.0	0.0	0.0	4660378530.0	2330225623.0	2330152907.0	4307696961.0	4307696961.0	0.0	0.0	15660307.0	0.003635424	148.0	148.0	148.0	150.0	150.0	150.0	39.4	287.6	112.1	13345040.0	494921.0	1975.0	482859.0	81.7	92.43278764725757	91.16310448764997	7.567212352742432	81.67874756839224	100.0	0.0	1.1115725723745176	0.0
D300707.lib1.stats.tsv	2589124.0	0.0	2589124.0	1.0	1294562.0	1294562.0	2199015.0	2166810.0	390109.0	1941736.0	2589124.0	0.0	42338.0	0.0	0.0	0.0	383615607.0	191813994.0	191801613.0	326339554.0	326339554.0	0.0	0.0	1599290.0	0.004900693	148.0	148.0	148.0	150.0	150.0	150.0	39.2	287.4	111.6	1013985.0	35623.0	86.0	33711.0	75.0	84.93278035350953	83.68892335786158	15.067219646490473	74.99586732810016	100.0	0.0	1.6352248868729344	0.0
D300708.lib1.stats.tsv	48045392.0	0.0	48045392.0	1.0	24022696.0	24022696.0	42657346.0	42034014.0	5388046.0	36520802.0	48045392.0	0.0	911488.0	0.0	0.0	0.0	7141041386.0	3570572568.0	3570468818.0	6340428821.0	6340428821.0	0.0	0.0	32279660.0	0.005091085	149.0	149.0	149.0	150.0	150.0	150.0	39.4	295.7	115.2	19493513.0	596724.0	2137.0	924633.0	76.0	88.78550933667061	87.48812789372184	11.214490663329379	76.01312109182084	100.0	0.0	1.8971392719618145	0.0
D300709.lib1.stats.tsv	37521506.0	0.0	37521506.0	1.0	18760753.0	18760753.0	33446021.0	32999376.0	4075485.0	30462968.0	37521506.0	0.0	738992.0	0.0	0.0	0.0	5551862839.0	2776125173.0	2775737666.0	4949375649.0	4949375649.0	0.0	0.0	25260612.0	0.005103798	148.0	148.0	148.0	150.0	150.0	150.0	39.4	271.6	101.4	15334861.0	659126.0	1022.0	504679.0	81.2	89.13826913024226	87.94789846654876	10.861730869757732	81.18802054480436	100.0	0.0	1.9695158291354296	0.0
D300710.lib1.stats.tsv	36504138.0	0.0	36504138.0	1.0	18252069.0	18252069.0	32715715.0	32223648.0	3788423.0	29252472.0	36504138.0	0.0	661393.0	0.0	0.0	0.0	5402756779.0	2701460179.0	2701296600.0	4842189171.0	4842189171.0	0.0	0.0	23383693.0	0.004829157	148.0	148.0	148.0	150.0	150.0	150.0	39.4	275.4	104.3	14812630.0	631266.0	1379.0	666549.0	80.1	89.6219354638644	88.2739595165896	10.378064536135602	80.13467404709023	100.0	0.0	1.8118302094957017	0.0
D300711.lib1.stats.tsv	35397378.0	0.0	35397378.0	1.0	17698689.0	17698689.0	31310342.0	30780958.0	4087036.0	28500526.0	35397378.0	0.0	812989.0	0.0	0.0	0.0	5242365921.0	2621236853.0	2621129068.0	4636919855.0	4636919855.0	0.0	0.0	26546763.0	0.005725086	148.0	148.0	148.0	150.0	150.0	150.0	39.4	269.5	96.3	14190194.0	586254.0	567.0	613464.0	80.5	88.45384536673875	86.95829956670802	11.546154633261255	80.51592408906671	100.0	0.0	2.2967492111986374	0.0
D300712.lib1.stats.tsv	48622308.0	0.0	48622308.0	1.0	24311154.0	24311154.0	43529480.0	42920780.0	5092828.0	40437846.0	48622308.0	0.0	1075709.0	0.0	0.0	0.0	7200361578.0	3600230227.0	3600131351.0	6446042034.0	6446042034.0	0.0	0.0	34597182.0	0.005367198	148.0	148.0	148.0	150.0	150.0	150.0	39.4	265.6	92.9	19961417.0	833651.0	611.0	664711.0	83.2	89.52573785678788	88.27384335601674	10.474262143212124	83.16726964092285	100.0	0.0	2.212377495531475	0.0
D300713.lib1.stats.tsv	17755098.0	0.0	17755098.0	1.0	8877549.0	8877549.0	15852662.0	15571524.0	1902436.0	14294700.0	17755098.0	0.0	353686.0	0.0	0.0	0.0	2629068360.0	1314576426.0	1314491934.0	2347403484.0	2347403484.0	0.0	0.0	12888281.0	0.005490441	148.0	148.0	148.0	150.0	150.0	150.0	39.3	268.4	97.4	7148109.0	300835.0	310.0	336508.0	80.5	89.2851281361556	87.70170685625052	10.714871863844401	80.51039763340084	100.0	0.0	1.9920250510585749	0.0
D300714.lib1.stats.tsv	41248380.0	0.0	41248380.0	1.0	20624190.0	20624190.0	36396438.0	35842436.0	4851942.0	33419876.0	41248380.0	0.0	864505.0	0.0	0.0	0.0	6105296744.0	3052865040.0	3052431704.0	5387108896.0	5387108896.0	0.0	0.0	28978418.0	0.005379215	148.0	148.0	148.0	150.0	150.0	150.0	39.4	267.2	96.3	16603231.0	719571.0	559.0	597857.0	81.0	88.23725440853677	86.89416651029688	11.762745591463228	81.02106313023687	100.0	0.0	2.095852006793964	0.0
D300715.lib1.stats.tsv	1174130.0	0.0	1174130.0	1.0	587065.0	587065.0	938188.0	928134.0	235942.0	835908.0	1174130.0	0.0	9754.0	0.0	0.0	0.0	173795662.0	86898332.0	86897330.0	139285709.0	139285709.0	0.0	0.0	498962.0	0.003582291	148.0	148.0	148.0	150.0	150.0	150.0	39.1	287.5	109.3	433252.0	14869.0	24.0	15922.0	71.2	79.90495089981519	79.04865730370572	20.095049100184816	71.19382010509909	100.0	0.0	0.8307427627264443	0.0
D300716.lib1.stats.tsv	3455592.0	0.0	3455592.0	1.0	1727796.0	1727796.0	2269525.0	2206544.0	1186067.0	2115178.0	3455592.0	0.0	23189.0	0.0	0.0	0.0	504271518.0	252113415.0	252158103.0	334454270.0	334454270.0	0.0	0.0	1015184.0	0.003035345	146.0	146.0	146.0	150.0	150.0	150.0	39.2	257.9	94.1	1033459.0	55434.0	101.0	14278.0	61.2	65.67687967792494	63.854297613838675	34.32312032207506	61.21029334481617	100.0	0.0	0.6710572312935091	0.0
D300717.lib1.stats.tsv	2646936.0	0.0	2646936.0	1.0	1323468.0	1323468.0	2218288.0	2189548.0	428648.0	2022952.0	2646936.0	0.0	39013.0	0.0	0.0	0.0	391166059.0	195583598.0	195582461.0	328213979.0	328213979.0	0.0	0.0	1439728.0	0.004386553	148.0	148.0	148.0	150.0	150.0	150.0	39.3	276.4	105.5	1026313.0	43872.0	93.0	24496.0	76.4	83.80587970392938	82.72009599023173	16.194120296070626	76.42617728573717	100.0	0.0	1.473892833071899	0.0
D300718.lib1.stats.tsv	12215644.0	0.0	12215644.0	1.0	6107822.0	6107822.0	10964791.0	10824466.0	1250853.0	10093762.0	12215644.0	0.0	182587.0	0.0	0.0	0.0	1807140955.0	903609803.0	903531152.0	1622385596.0	1622385596.0	0.0	0.0	7177050.0	0.004423764	148.0	148.0	148.0	150.0	150.0	150.0	39.4	271.0	101.8	5067312.0	222203.0	496.0	122222.0	82.6	89.76023695516994	88.61150505040914	10.239763044830056	82.62979831435821	100.0	0.0	1.4946981100628014	0.0
D300719.lib1.stats.tsv	29635178.0	0.0	29635178.0	1.0	14817589.0	14817589.0	26148794.0	25772950.0	3486384.0	23377470.0	29635178.0	0.0	460693.0	0.0	0.0	0.0	4393476495.0	2196808761.0	2196667734.0	3876795601.0	3876795601.0	0.0	0.0	17239323.0	0.004446797	148.0	148.0	148.0	150.0	150.0	150.0	39.4	285.9	109.6	12081494.0	447859.0	1149.0	355973.0	78.9	88.23565696146653	86.9674209481718	11.764343038533461	78.88418959386712	100.0	0.0	1.5545477742701597	0.0
D300720.lib1.stats.tsv	8857944.0	0.0	8857944.0	1.0	4428972.0	4428972.0	7870355.0	7743240.0	987589.0	7082950.0	8857944.0	0.0	106056.0	0.0	0.0	0.0	1309852418.0	654930014.0	654922404.0	1164716704.0	1164716704.0	0.0	0.0	4452656.0	0.003822952	148.0	148.0	148.0	150.0	150.0	150.0	39.4	281.6	109.3	3630182.0	151235.0	484.0	89719.0	80.0	88.8508100751145	87.41577052191796	11.149189924885503	79.96155767071907	100.0	0.0	1.1972981540637422	0.0
D300721.lib1.stats.tsv	30039692.0	0.0	30039692.0	1.0	15019846.0	15019846.0	27977077.0	27633562.0	2062615.0	24391610.0	30039692.0	0.0	327979.0	0.0	0.0	0.0	4452690611.0	2226490102.0	2226200509.0	4146958432.0	4146958432.0	0.0	0.0	15596823.0	0.003761027	148.0	148.0	148.0	150.0	150.0	150.0	39.4	292.3	117.3	12849207.0	482051.0	2176.0	483347.0	81.2	93.13370123768246	91.9901642134014	6.866298762317537	81.19793638363537	100.0	0.0	1.0918187842937939	0.0
D300722.lib1.stats.tsv	3667426.0	0.0	3667426.0	1.0	1833713.0	1833713.0	2538972.0	2464236.0	1128454.0	2339806.0	3667426.0	0.0	32762.0	0.0	0.0	0.0	532162394.0	266068909.0	266093485.0	372940358.0	372940358.0	0.0	0.0	1333524.0	0.003575703	145.0	145.0	145.0	150.0	150.0	150.0	39.3	261.5	101.3	1144720.0	70065.0	142.0	17191.0	63.8	69.23035393215842	67.19252140329485	30.769646067841588	63.79967857565497	100.0	0.0	0.8933240916108464	0.0
D300723.lib1.stats.tsv	48673934.0	0.0	48673934.0	1.0	24336967.0	24336967.0	45533228.0	45161556.0	3140706.0	41375396.0	48673934.0	0.0	431393.0	0.0	0.0	0.0	7210239658.0	3605284357.0	3604955301.0	6745120315.0	6745120315.0	0.0	0.0	21841339.0	0.003238095	148.0	148.0	148.0	150.0	150.0	150.0	39.4	282.5	109.3	21278315.0	837451.0	2851.0	462161.0	85.0	93.54745807067906	92.78386250842186	6.452541929320938	85.00524325812661	100.0	0.0	0.8862916237672509	0.0
D300724.lib1.stats.tsv	23959490.0	0.0	23959490.0	1.0	11979745.0	11979745.0	21298966.0	20920102.0	2660524.0	18672112.0	23959490.0	0.0	355994.0	0.0	0.0	0.0	3555559262.0	1777797969.0	1777761293.0	3160806113.0	3160806113.0	0.0	0.0	13858497.0	0.004384482	148.0	148.0	148.0	150.0	150.0	150.0	39.4	291.2	112.5	9771859.0	338249.0	1174.0	348769.0	77.9	88.89574026826114	87.31447121787652	11.104259731738864	77.93200940420685	100.0	0.0	1.4858162673746396	0.0
D300725.lib1.stats.tsv	17451474.0	0.0	17451474.0	1.0	8725737.0	8725737.0	16443298.0	16262360.0	1008176.0	14800900.0	17451474.0	0.0	126321.0	0.0	0.0	0.0	2586526787.0	1293281204.0	1293245583.0	2437142563.0	2437142563.0	0.0	0.0	7153994.0	0.002935402	148.0	148.0	148.0	150.0	150.0	150.0	39.4	288.4	112.7	7677247.0	290015.0	1964.0	161954.0	84.8	94.22297509081467	93.18616868695446	5.777024909185322	84.81174713379511	100.0	0.0	0.7238414359726864	0.0
D300726.lib1.stats.tsv	29850758.0	0.0	29850758.0	1.0	14925379.0	14925379.0	27084731.0	26725118.0	2766027.0	24143394.0	29850758.0	0.0	396039.0	0.0	0.0	0.0	4421521297.0	2210799316.0	2210721981.0	4011743805.0	4011743805.0	0.0	0.0	16843225.0	0.004198479	148.0	148.0	148.0	150.0	150.0	150.0	39.4	282.7	109.7	12412908.0	496722.0	1491.0	451438.0	80.9	90.73381319161142	89.52911011505972	9.266186808388584	80.88033811402711	100.0	0.0	1.3267301285950595	0.0
D300727.lib1.stats.tsv	25375958.0	0.0	25375958.0	1.0	12687979.0	12687979.0	22529212.0	22193392.0	2846746.0	20256134.0	25375958.0	0.0	371532.0	0.0	0.0	0.0	3757120403.0	1878589776.0	1878530627.0	3336279515.0	3336279515.0	0.0	0.0	14466801.0	0.004336208	148.0	148.0	148.0	150.0	150.0	150.0	39.4	279.6	106.9	10346496.0	419883.0	1157.0	329160.0	79.8	88.78172008323784	87.45834147424108	11.218279916762157	79.82411540876605	100.0	0.0	1.4641102416704819	0.0
D300728.lib1.stats.tsv	408494.0	0.0	408494.0	1.0	204247.0	204247.0	176825.0	172364.0	231669.0	159496.0	408494.0	0.0	6394.0	0.0	0.0	0.0	59756915.0	29876196.0	29880719.0	26112130.0	26112130.0	0.0	0.0	194001.0	0.007429536	146.0	146.0	146.0	150.0	150.0	150.0	38.4	271.3	102.3	79980.0	3663.0	4.0	2535.0	39.0	43.28704950378708	42.194989400089106	56.71295049621292	39.04488193217036	100.0	0.0	1.565261668470039	0.0
D300729.lib1.stats.tsv	18430412.0	0.0	18430412.0	1.0	9215206.0	9215206.0	16132100.0	15799888.0	2298312.0	14745334.0	18430412.0	0.0	479545.0	0.0	0.0	0.0	2724563753.0	1362294757.0	1362268996.0	2384732838.0	2384732838.0	0.0	0.0	14610345.0	0.006126617	148.0	148.0	148.0	150.0	150.0	150.0	39.4	263.3	94.4	7262938.0	339847.0	244.0	296915.0	80.0	87.52978500968942	85.72726426300183	12.47021499031058	80.00544968826524	100.0	0.0	2.6019223010315775	0.0
D300730.lib1.stats.tsv	26156762.0	0.0	26156762.0	1.0	13078381.0	13078381.0	23075001.0	22687244.0	3081761.0	20357236.0	26156762.0	0.0	546583.0	0.0	0.0	0.0	3869318794.0	1934685712.0	1934633082.0	3413438274.0	3413438274.0	0.0	0.0	19078880.0	0.005589344	148.0	148.0	148.0	150.0	150.0	150.0	39.3	274.6	105.4	10357038.0	452076.0	358.0	534150.0	77.8	88.2181097186265	86.73567469857316	11.781890281373512	77.82781370262879	100.0	0.0	2.089643205837175	0.0
D300731.lib1.stats.tsv	24395658.0	0.0	24395658.0	1.0	12197829.0	12197829.0	21750957.0	21411496.0	2644701.0	19412648.0	24395658.0	0.0	537350.0	0.0	0.0	0.0	3611897242.0	1805989016.0	1805908226.0	3220304159.0	3220304159.0	0.0	0.0	18021862.0	0.005596323	148.0	148.0	148.0	150.0	150.0	150.0	39.4	271.2	100.8	9780848.0	415879.0	360.0	508661.0	79.6	89.15913233412273	87.76765111234138	10.840867665877264	79.57419307976853	100.0	0.0	2.202646061032664	0.0
D300732.lib1.stats.tsv	301248.0	0.0	301248.0	1.0	150624.0	150624.0	116537.0	114216.0	184711.0	104956.0	301248.0	0.0	2795.0	0.0	0.0	0.0	44101340.0	22048734.0	22052606.0	17252096.0	17252096.0	0.0	0.0	112263.0	0.00650721	146.0	146.0	146.0	150.0	150.0	150.0	38.0	276.8	104.6	53166.0	2236.0	0.0	1706.0	34.8	38.684738155937964	37.91427660930529	61.31526184406203	34.840397280645846	100.0	0.0	0.9278069895899724	0.0
D300733.lib1.stats.tsv	31061722.0	0.0	31061722.0	1.0	15530861.0	15530861.0	27599104.0	27164266.0	3462618.0	23912328.0	31061722.0	0.0	700663.0	0.0	0.0	0.0	4601666236.0	2300898925.0	2300767311.0	4088601164.0	4088601164.0	0.0	0.0	23579515.0	0.005767135	148.0	148.0	148.0	150.0	150.0	150.0	39.3	278.9	106.3	12298103.0	488002.0	518.0	795510.0	77.0	88.85245962860655	87.45254368061114	11.147540371393447	76.98326577000464	100.0	0.0	2.2557120303890428	0.0
D300734.lib1.stats.tsv	1730518.0	0.0	1730518.0	1.0	865259.0	865259.0	1066811.0	1039706.0	663707.0	1008684.0	1730518.0	0.0	8355.0	0.0	0.0	0.0	250898178.0	125434891.0	125463287.0	156347924.0	156347924.0	0.0	0.0	408870.0	0.002615129	145.0	145.0	145.0	150.0	150.0	150.0	39.0	246.1	92.0	483124.0	33148.0	68.0	3513.0	58.3	61.646917281415156	60.08062325846944	38.353082718584844	58.28798082423875	100.0	0.0	0.48280341493125184	0.0
D300735.lib1.stats.tsv	711698.0	0.0	711698.0	1.0	355849.0	355849.0	192219.0	184544.0	519479.0	182104.0	711698.0	0.0	2336.0	0.0	0.0	0.0	101660648.0	50823020.0	50837628.0	27521197.0	27521197.0	0.0	0.0	88506.0	0.003215921	143.0	143.0	143.0	150.0	150.0	150.0	39.2	217.3	84.7	81640.0	10345.0	4.0	283.0	25.6	27.008506417047677	25.930099564703006	72.99149358295232	25.587257516530887	100.0	0.0	0.32822910841396213	0.0
D300736.lib1.stats.tsv	2484598.0	0.0	2484598.0	1.0	1242299.0	1242299.0	1051352.0	1010956.0	1433246.0	990314.0	2484598.0	0.0	13392.0	0.0	0.0	0.0	353851779.0	176896451.0	176955328.0	151114226.0	151114226.0	0.0	0.0	490816.0	0.00324798	142.0	142.0	142.0	150.0	150.0	150.0	39.3	223.5	88.4	449569.0	52389.0	57.0	3463.0	39.9	42.31477285259024	40.68891627538942	57.685227147409755	39.85811789271343	100.0	0.0	0.5390006753607626	0.0
D300737.lib1.stats.tsv	561658.0	0.0	561658.0	1.0	280829.0	280829.0	348347.0	344686.0	213311.0	313762.0	561658.0	0.0	1421.0	0.0	0.0	0.0	82593423.0	41295677.0	41297746.0	51616712.0	51616712.0	0.0	0.0	118031.0	0.002286682	147.0	147.0	147.0	150.0	150.0	150.0	38.6	288.4	112.6	162371.0	6320.0	34.0	3618.0	55.9	62.021194392317035	61.36937424553732	37.97880560768297	55.86353261237266	100.0	0.0	0.25300093651296696	0.0
D300738.lib1.stats.tsv	14822976.0	0.0	14822976.0	1.0	7411488.0	7411488.0	13926719.0	13715396.0	896257.0	12516494.0	14822976.0	0.0	89371.0	0.0	0.0	0.0	2193644374.0	1096850959.0	1096793415.0	2061930341.0	2061930341.0	0.0	0.0	5262215.0	0.002552082	148.0	148.0	148.0	150.0	150.0	150.0	39.4	279.1	105.6	6344198.0	262645.0	1566.0	249289.0	84.4	93.9535960929843	92.52795120224171	6.046403907015703	84.4398182928988	100.0	0.0	0.6029221122667945	0.0
D300739.lib1.stats.tsv	2319090.0	0.0	2319090.0	1.0	1159545.0	1159545.0	1446581.0	1397128.0	872509.0	1304960.0	2319090.0	0.0	17149.0	0.0	0.0	0.0	339599280.0	169788637.0	169810643.0	213607938.0	213607938.0	0.0	0.0	717049.0	0.003356846	146.0	146.0	146.0	150.0	150.0	150.0	39.2	276.6	106.2	656745.0	30946.0	112.0	10761.0	56.3	62.37709618859122	60.24466493322812	37.62290381140879	56.27034742075555	100.0	0.0	0.7394710856413507	0.0
D300740.lib1.stats.tsv	5738326.0	0.0	5738326.0	1.0	2869163.0	2869163.0	5028123.0	4972662.0	710203.0	4699290.0	5738326.0	0.0	36655.0	0.0	0.0	0.0	836419666.0	418196224.0	418223442.0	735743600.0	735743600.0	0.0	0.0	1974686.0	0.002683932	146.0	146.0	146.0	150.0	150.0	150.0	39.3	261.6	103.6	2289211.0	153195.0	491.0	43434.0	81.9	87.62351598706661	86.6570146066989	12.376484012933389	81.89304685721933	100.0	0.0	0.6387751410428756	0.0
D300741.lib1.stats.tsv	7526454.0	0.0	7526454.0	1.0	3763227.0	3763227.0	6699245.0	6621264.0	827209.0	6010914.0	7526454.0	0.0	55739.0	0.0	0.0	0.0	1114919595.0	557459926.0	557459669.0	993010542.0	993010542.0	0.0	0.0	3065163.0	0.003086738	148.0	148.0	148.0	150.0	150.0	150.0	39.4	286.2	112.0	3123537.0	118047.0	768.0	68280.0	79.9	89.00931301779032	87.97322085539884	10.990686982209684	79.86382431886251	100.0	0.0	0.7405745122470688	0.0
D300742.lib1.stats.tsv	11109992.0	0.0	11109992.0	1.0	5554996.0	5554996.0	10290437.0	10119260.0	819555.0	9148296.0	11109992.0	0.0	77902.0	0.0	0.0	0.0	1645891378.0	822949710.0	822941668.0	1525289361.0	1525289361.0	0.0	0.0	4284228.0	0.002808797	148.0	148.0	148.0	150.0	150.0	150.0	39.4	288.3	111.5	4745389.0	178176.0	979.0	135086.0	82.3	92.62326201495014	91.08251383079303	7.3767379850498545	82.34295758268773	100.0	0.0	0.7011886237181809	0.0
D300743.lib1.stats.tsv	534412.0	0.0	534412.0	1.0	267206.0	267206.0	387561.0	382982.0	146851.0	350818.0	534412.0	0.0	2550.0	0.0	0.0	0.0	78738987.0	39369100.0	39369887.0	57407807.0	57407807.0	0.0	0.0	165911.0	0.002890042	147.0	147.0	147.0	150.0	150.0	150.0	38.9	278.9	104.3	177473.0	7084.0	36.0	6898.0	65.6	72.52101374969125	71.66418418748081	27.47898625030875	65.64560676032724	100.0	0.0	0.4771599440132332	0.0
D300744.lib1.stats.tsv	4843402.0	0.0	4843402.0	1.0	2421701.0	2421701.0	4053288.0	3975508.0	790114.0	3710348.0	4843402.0	0.0	56510.0	0.0	0.0	0.0	712840806.0	356421296.0	356419510.0	597530463.0	597530463.0	0.0	0.0	2271386.0	0.003801289	147.0	147.0	147.0	150.0	150.0	150.0	39.4	272.0	105.1	1854255.0	94770.0	241.0	38488.0	76.6	83.68679700755791	82.08090098653797	16.31320299244209	76.60623669065669	100.0	0.0	1.166741889275348	0.0
D300745.lib1.stats.tsv	11722236.0	0.0	11722236.0	1.0	5861118.0	5861118.0	10667156.0	10568224.0	1055080.0	10195062.0	11722236.0	0.0	108050.0	0.0	0.0	0.0	1720838662.0	860407667.0	860430995.0	1567491742.0	1567491742.0	0.0	0.0	4424181.0	0.002822459	147.0	147.0	147.0	150.0	150.0	150.0	39.5	251.0	93.0	4937438.0	301976.0	505.0	44193.0	87.0	90.99932811453378	90.15535943825051	9.00067188546622	86.97199066799202	100.0	0.0	0.921752471115579	0.0
D300746.lib1.stats.tsv	13921680.0	0.0	13921680.0	1.0	6960840.0	6960840.0	12664530.0	12391030.0	1257150.0	11102958.0	13921680.0	0.0	127279.0	0.0	0.0	0.0	2058365863.0	1029197838.0	1029168025.0	1874432812.0	1874432812.0	0.0	0.0	5877366.0	0.003135544	148.0	148.0	148.0	150.0	150.0	150.0	39.5	285.0	110.4	5717430.0	234955.0	949.0	242181.0	79.8	90.96983984691502	89.00527809862028	9.030160153084973	79.7530039477994	100.0	0.0	0.9142502916314698	0.0
D300747.lib1.stats.tsv	26584622.0	0.0	26584622.0	1.0	13292311.0	13292311.0	23129117.0	22716846.0	3455505.0	19800232.0	26584622.0	0.0	620494.0	0.0	0.0	0.0	3938160257.0	1969103734.0	1969056523.0	3426195753.0	3426195753.0	0.0	0.0	20469914.0	0.005974532	148.0	148.0	148.0	150.0	150.0	150.0	39.3	279.6	108.2	10227608.0	412287.0	442.0	718086.0	74.5	87.00186521365623	85.45107769446561	12.998134786343773	74.48002081805038	100.0	0.0	2.3340335627115554	0.0
D300748.lib1.stats.tsv	31393868.0	0.0	31393868.0	1.0	15696934.0	15696934.0	27790463.0	27353922.0	3603405.0	25212590.0	31393868.0	0.0	742124.0	0.0	0.0	0.0	4643420518.0	2321743061.0	2321677457.0	4110108874.0	4110108874.0	0.0	0.0	24163905.0	0.00587914	148.0	148.0	148.0	150.0	150.0	150.0	39.4	263.6	95.9	12507234.0	575410.0	548.0	593769.0	80.3	88.52194638774681	87.1314168741488	11.478053612253197	80.31055618887103	100.0	0.0	2.3639138700589557	0.0
D300749.lib1.stats.tsv	6577308.0	0.0	6577308.0	1.0	3288654.0	3288654.0	5723712.0	5626278.0	853596.0	5107122.0	6577308.0	0.0	139379.0	0.0	0.0	0.0	974308238.0	487158054.0	487150184.0	848114783.0	848114783.0	0.0	0.0	4791287.0	0.005649338	148.0	148.0	148.0	150.0	150.0	150.0	39.3	275.8	102.1	2597334.0	101424.0	93.0	114288.0	77.6	87.02210691668992	85.54074098400136	12.977893083310072	77.64760294029107	100.0	0.0	2.119088843034263	0.0
D300750.lib1.stats.tsv	16943334.0	0.0	16943334.0	1.0	8471667.0	8471667.0	14536760.0	14238628.0	2406574.0	13311438.0	16943334.0	0.0	364140.0	0.0	0.0	0.0	2507914400.0	1253976963.0	1253937437.0	2151850788.0	2151850788.0	0.0	0.0	12079316.0	0.005613454	148.0	148.0	148.0	150.0	150.0	150.0	39.4	269.3	97.3	6622686.0	284173.0	232.0	212223.0	78.6	85.79633736784035	84.036754513604	14.203662632159645	78.5644549059825	100.0	0.0	2.149163795035853	0.0
D300751.lib1.stats.tsv	31901890.0	0.0	31901890.0	1.0	15950945.0	15950945.0	27841174.0	27373460.0	4060716.0	25349000.0	31901890.0	0.0	728523.0	0.0	0.0	0.0	4717208263.0	2358633810.0	2358574453.0	4116832136.0	4116832136.0	0.0	0.0	23768373.0	0.005773461	148.0	148.0	148.0	150.0	150.0	150.0	39.4	266.7	97.4	12604176.0	573042.0	434.0	509078.0	79.5	87.27123690790734	85.80513568318366	12.728763092092663	79.45924206998394	100.0	0.0	2.283635859818964	0.0
D300752.lib1.stats.tsv	42801264.0	0.0	42801264.0	1.0	21400632.0	21400632.0	37860900.0	37217282.0	4940364.0	33442986.0	42801264.0	0.0	732189.0	0.0	0.0	0.0	6337173162.0	3168639055.0	3168534107.0	5605693786.0	5605693786.0	0.0	0.0	26511548.0	0.004729396	148.0	148.0	148.0	150.0	150.0	150.0	39.4	280.6	108.8	17150132.0	706620.0	1528.0	750361.0	78.1	88.45743434119142	86.95369837675821	11.54256565880858	78.1355102036239	100.0	0.0	1.7106714418527453	0.0
D300753.lib1.stats.tsv	13888916.0	0.0	13888916.0	1.0	6944458.0	6944458.0	12130516.0	11932414.0	1758400.0	11113762.0	13888916.0	0.0	247264.0	0.0	0.0	0.0	2053852771.0	1026929939.0	1026922832.0	1794240700.0	1794240700.0	0.0	0.0	8611202.0	0.004799357	148.0	148.0	148.0	150.0	150.0	150.0	39.4	271.5	100.9	5561241.0	246684.0	483.0	157799.0	80.0	87.33954471320871	85.91321309740803	12.660455286791281	80.01893020304824	100.0	0.0	1.7802973248596219	0.0
D300754.lib1.stats.tsv	10113276.0	0.0	10113276.0	1.0	5056638.0	5056638.0	9034338.0	8910308.0	1078938.0	8053870.0	10113276.0	0.0	133724.0	0.0	0.0	0.0	1497664475.0	748849627.0	748814848.0	1338111733.0	1338111733.0	0.0	0.0	5463338.0	0.004082871	148.0	148.0	148.0	150.0	150.0	150.0	39.4	285.1	112.5	4184169.0	164372.0	475.0	106138.0	79.6	89.33146885341604	88.10506110977293	10.668531146583955	79.63660835519568	100.0	0.0	1.3222619455851892	0.0
D300755.lib1.stats.tsv	27779880.0	0.0	27779880.0	1.0	13889940.0	13889940.0	24197546.0	23849716.0	3582334.0	22345776.0	27779880.0	0.0	530847.0	0.0	0.0	0.0	4109832109.0	2054944624.0	2054887485.0	3580372951.0	3580372951.0	0.0	0.0	17781777.0	0.004966459	148.0	148.0	148.0	150.0	150.0	150.0	39.4	270.4	99.5	11153717.0	489516.0	987.0	280638.0	80.4	87.10457352587557	85.85248028429208	12.895426474124438	80.43870599873001	100.0	0.0	1.9109045827411784	0.0
D300756.lib1.stats.tsv	35275918.0	0.0	35275918.0	1.0	17637959.0	17637959.0	30565594.0	30053638.0	4710324.0	27650442.0	35275918.0	0.0	697614.0	0.0	0.0	0.0	5206064307.0	2603081043.0	2602983264.0	4511365686.0	4511365686.0	0.0	0.0	23536530.0	0.005217163	148.0	148.0	148.0	150.0	150.0	150.0	39.4	267.4	102.0	13797343.0	688327.0	916.0	540233.0	78.4	86.64719653787607	85.19590617032277	13.352803462123934	78.38333789073894	100.0	0.0	1.9775927588900732	0.0
D300757.lib1.stats.tsv	32458054.0	0.0	32458054.0	1.0	16229027.0	16229027.0	29003067.0	28624156.0	3454987.0	26254850.0	32458054.0	0.0	487991.0	0.0	0.0	0.0	4811106171.0	2405635824.0	2405470347.0	4298871184.0	4298871184.0	0.0	0.0	17880388.0	0.004159322	148.0	148.0	148.0	150.0	150.0	150.0	39.5	281.4	106.1	13418891.0	513945.0	1315.0	377927.0	80.9	89.3555325282286	88.18814584509596	10.644467471771414	80.88855234512828	100.0	0.0	1.5034511927301617	0.0
D300758.lib1.stats.tsv	25270306.0	0.0	25270306.0	1.0	12635153.0	12635153.0	22186388.0	21766564.0	3083918.0	19492140.0	25270306.0	0.0	586092.0	0.0	0.0	0.0	3738693329.0	1869384160.0	1869309169.0	3282380530.0	3282380530.0	0.0	0.0	19014486.0	0.005792895	148.0	148.0	148.0	150.0	150.0	150.0	39.4	275.4	105.0	9897375.0	429305.0	772.0	555830.0	77.1	87.79627757574443	86.1349443097365	12.203722424255567	77.13456259690722	100.0	0.0	2.3192912661999423	0.0
D300759.lib1.stats.tsv	44314958.0	0.0	44314958.0	1.0	22157479.0	22157479.0	39866269.0	39381618.0	4448689.0	36711510.0	44314958.0	0.0	834214.0	0.0	0.0	0.0	6554979795.0	3277512407.0	3277467388.0	5896850099.0	5896850099.0	0.0	0.0	28473850.0	0.004828654	148.0	148.0	148.0	150.0	150.0	150.0	39.4	270.8	100.6	18360396.0	813051.0	1583.0	515779.0	82.8	89.96120226493277	88.86755122277224	10.038797735067243	82.8422538502688	100.0	0.0	1.8824659610418677	0.0
D300760.lib1.stats.tsv	25388104.0	0.0	25388104.0	1.0	12694052.0	12694052.0	22577105.0	22204592.0	2810999.0	19851442.0	25388104.0	0.0	502212.0	0.0	0.0	0.0	3761343328.0	1880689505.0	1880653823.0	3344781401.0	3344781401.0	0.0	0.0	17361006.0	0.005190476	148.0	148.0	148.0	150.0	150.0	150.0	39.4	284.9	110.8	10263211.0	401245.0	1027.0	436813.0	78.2	88.92788921929736	87.46061541263578	11.072110780702648	78.19190436591877	100.0	0.0	1.9781390528414409	0.0
D300761.lib1.stats.tsv	31788432.0	0.0	31788432.0	1.0	15894216.0	15894216.0	28306713.0	27907106.0	3481719.0	25625966.0	31788432.0	0.0	582646.0	0.0	0.0	0.0	4707776300.0	2353912039.0	2353864261.0	4192112184.0	4192112184.0	0.0	0.0	20245334.0	0.004829388	148.0	148.0	148.0	150.0	150.0	150.0	39.4	274.8	102.8	12988774.0	529564.0	1139.0	434076.0	80.6	89.04721377889919	87.79013069911721	10.952786221100808	80.61412403103117	100.0	0.0	1.832886881617816	0.0
D300762.lib1.stats.tsv	26444648.0	0.0	26444648.0	1.0	13222324.0	13222324.0	23619440.0	23284644.0	2825208.0	21222700.0	26444648.0	0.0	440614.0	0.0	0.0	0.0	3915624025.0	1957916898.0	1957707127.0	3497361266.0	3497361266.0	0.0	0.0	16144785.0	0.004616276	148.0	148.0	148.0	150.0	150.0	150.0	39.4	276.1	104.8	10765343.0	448895.0	1234.0	426850.0	80.3	89.31652257197752	88.05049702306493	10.683477428022487	80.25328981501285	100.0	0.0	1.6661745696142372	0.0
D300763.lib1.stats.tsv	25447518.0	0.0	25447518.0	1.0	12723759.0	12723759.0	22197661.0	21796420.0	3249857.0	20024342.0	25447518.0	0.0	486104.0	0.0	0.0	0.0	3768767865.0	1884399285.0	1884368580.0	3287491467.0	3287491467.0	0.0	0.0	16609352.0	0.005052287	148.0	148.0	148.0	150.0	150.0	150.0	39.4	275.0	102.9	10134145.0	415488.0	1025.0	347552.0	78.7	87.2291788928099	85.65243966032365	12.7708211071901	78.68878214370454	100.0	0.0	1.9102216569804567	0.0
D300764.lib1.stats.tsv	27400376.0	0.0	27400376.0	1.0	13700188.0	13700188.0	24030639.0	23579832.0	3369737.0	20735174.0	27400376.0	0.0	577486.0	0.0	0.0	0.0	4054219614.0	2027173223.0	2027046391.0	3555483133.0	3555483133.0	0.0	0.0	19291770.0	0.005425921	148.0	148.0	148.0	150.0	150.0	150.0	39.4	281.5	110.7	10715285.0	452859.0	916.0	620856.0	75.7	87.70185854383897	86.05660009921031	12.298141456161039	75.67477906142602	100.0	0.0	2.107584217092495	0.0
D300765.lib1.stats.tsv	26251848.0	0.0	26251848.0	1.0	13125924.0	13125924.0	23310073.0	22938988.0	2941775.0	21263520.0	26251848.0	0.0	548618.0	0.0	0.0	0.0	3880107711.0	1940056817.0	1940050894.0	3445107494.0	3445107494.0	0.0	0.0	17851098.0	0.005181579	148.0	148.0	148.0	150.0	150.0	150.0	39.4	268.7	99.7	10590859.0	491206.0	884.0	386545.0	81.0	88.7940269957376	87.38046936733748	11.205973004262406	80.9981834421714	100.0	0.0	2.0898262095681797	0.0
D300766.lib1.stats.tsv	33778998.0	0.0	33778998.0	1.0	16889499.0	16889499.0	29380046.0	28902694.0	4398952.0	26829874.0	33778998.0	0.0	768939.0	0.0	0.0	0.0	5003683020.0	2501892264.0	2501790756.0	4352052414.0	4352052414.0	0.0	0.0	24025864.0	0.005520583	148.0	148.0	148.0	150.0	150.0	150.0	39.4	279.0	101.4	13487722.0	533407.0	1329.0	428889.0	79.4	86.9772572886857	85.56409518127211	13.022742711314292	79.42767870142269	100.0	0.0	2.2763819104403273	0.0
D300767.lib1.stats.tsv	16.0	0.0	16.0	1.0	8.0	8.0	2.0	2.0	14.0	2.0	16.0	0.0	0.0	0.0	0.0	0.0	2124.0	1062.0	1062.0	200.0	200.0	0.0	0.0	12.0	0.06	133.0	133.0	133.0	150.0	150.0	150.0	39.9	102.0	0.0	0.0	1.0	0.0	0.0	12.5	12.5	12.5	87.5	12.5	100.0	0.0	0.0	0.0
